IMAGE_ID	REIMBURSEMENT_RATE	HCPCS_PAYABLE_AMT	OUTPAT_REMARK_1	OUTPAT_REMARK_2	OUTPAT_REMARK_3	OUTPAT_REMARK_4	OUTPAT_REMARK_5	CLAIM_ESRD_PAY_AMT	OUT_NONPAY_PRF_AMT
103811458									
321121571									
321682889									
204543235									
204543258									
300690232									
85777291									
163701585									
228893273									
228893334									
228893430									
228893501									
229308484									
278435887									
61020663									
61020664									
192950267									
192950366									
261081785									
261081793									
182080752									
182080857									
195454935									
195454936									
