IMAGE_ID	PROV_IDENTIFIER	FACILITY_TYPE	FP_DATE	TOT_CLAIM_COUNT	TOT_CLAIM_AMT	TOT_COV_AMT	TOT_NONCOV_AMT	TOT_DEN_AMT	TOT_PROV_AMT	TOT_INT_AMT	TOT_CONT_AMT	TOT_GRAM_AMT	TOT_MSP_AMT	TOT_BLOOD_AMT	TOT_NONLAB_AMT	TOT_COINS_AMT	HCPCS_AMT	HCPCS_PAYABLE	TOTAL_DEDUCT_AMT	TOT_PROF_AMT	PAT_MSP_LIABILITY	PAT_REIMB_AMT	PIP_CLAIM_CNT	PIP_ADJ_AMT
103811458																								
321121571																								
321682889																								
204543235																								
204543258																								
300690232																								
85777291																								
163701585																								
228893273																								
228893334																								
228893430																								
228893501																								
229308484																								
278435887																								
61020663																								
61020664																								
192950267																								
192950366																								
261081785																								
261081793																								
182080752																								
182080857																								
195454935																								
195454936																								
