IMAGE_ID	COVERED_DAYS	PPS_OPER_OUTL_AMT	LIFETIME_PSYC_DAYS	CLAIM_DRG_AMT	REMARK_CODE_1	CLM_DISP_SHAR_AMT	CLAIM_MSP_PASS_AMT	CLAIM_PPS_CAP_AMT	PPSCAP_FSP_DRG_AMT	PPSCAP_HSP_DRG_AMT	PPS_DSH_DRG_AMT	OLD_CAPITAL_AMT	PPS_CAPTL_IME_AMT	PPS_OP_HSP_DRG_AMT	COST_REPORT_DAYS	PPS_FED_DRG_AMT	CLAIM_PPS_CAPT_AMT	CLAIM_INDR_TCH_AMT	NONPY_PROF_COM_AMT	REMARK_CODE_2	REMARK_CODE_3	REMARK_CODE_4	REMARK_CODE_5	PPS_EXCEPTION_AMT
103811458																								
321121571																								
321682889																								
204543235																								
204543258																								
300690232																								
85777291																								
163701585																								
228893273																								
228893334																								
228893430																								
228893501																								
229308484																								
278435887																								
61020663																								
61020664																								
192950267																								
192950366																								
261081785																								
261081793																								
182080752																								
182080857																								
195454935																								
195454936																								
