PAT_ENC_CSN_ID	AMBULANCE_INCIDENT_NUM	AMBULANCE_ORG_POS_ID
1191497844		
1185849928		
1183645293		
1183640405		
1179521763		
1175103496		
1173771719		
1171271465		
1169865957		
1169847546		
1169841954		
1169659945		
1168189596		
1162262557		
1156516858		
1150614609		
1145458133		
1145443829		
1145356395		
1145163473		
1139799667		
1134350827		
1129045798		
1127815792		
1127808563		
1127660383		
1123377750		
1118227800		
1113285509		
1112711876		
1107364769		
1103991540		
1102178711		
1101967391		
1098684634		
1098680958		
1098633919		
1096716386		
1091290716		
1085851652		
1081584508		
1081584507		
1081489412		
1080629965		
1076676013		
1076667823		
1076628498		
1076620720		
1076350354		
1076261941		
1076257656		
1075466364		
1070340473		
1066933341		
1066932467		
1065130233		
1059678230		
1056709125		
1054605204		
1049332896		
1044290224		
1043034397		
1039066378		
1033522365		
1031703883		
1028766353		
1028744231		
1028743701		
1028739468		
1028606559		
1027863229		
1022460205		
1020583168		
1018439080		
1016759309		
1011533066		
1006342664		
1000825434		
996534320		
995315871		
991225117		
991221485		
991215738		
990151874		
988126821		
984606712		
979218048		
977858467		
974974125		
974614965		
974452422		
973908013		
968143108		
962603110		
958148810		
958148226		
958147754		
958134730		
957995289		
957265560		
951207510		
948004323		
948002801		
946189306		
940919045		
935515793		
930010268		
928532643		
927200229		
927098738		
924936761		
922943525		
922943112		
922942674		
921952141		
898794674		
893473416		
888227767		
883637721		
878774242		
873928397		
869002878		
864389217		
859392791		
854992547		
850593484		
845590414		
840888730		
839256727		
837844366		
836036457		
833901305		
832464108		
831452662		
830047706		
830043848		
829996120		
829995922		
829467718		
829393933		
829385742		
829282937		
829273579		
829213099		
829212157		
827277205		
802802103		
799951565		
797089043		
791983409		
787137346		
781842097		
777174829		
772693619		
768007053		
763443168		
758599939		
754166145		
750474644		
749745972		
745238411		
740764099		
736485409		
727947624		
725327197		
724628999		
724623985		
724619887		
720803470		
